<?xml version="1.0" encoding="utf-8" ?>
<rss><sid>77f265bb46de068e78f35afbadec62af</sid><count>3</count><control>0</control>
<mblog><uid>1781187652</uid><favid>7803607731</favid><mblogid>cAf8xd</mblogid><mblogidnum>7803607731</mblogidnum><mblogtype>0</mblogtype><mlevel>0</mlevel><feedid>cAf8xd</feedid><nick>有底线的B哥</nick><portrait>http://tp1.sinaimg.cn/1781187652/50/5660908173/1</portrait><vip>0</vip><vipsubtype>0</vipsubtype><member_type>0</member_type><remark></remark><level>1</level><rtnum>0</rtnum><commentnum>0</commentnum><attitudenum>0</attitudenum><attitudeid>0</attitudeid><attitudes_status>0</attitudes_status><attitudes_count>0</attitudes_count><mblogtypename></mblogtypename><visible><type>0</type><list_id>0</list_id></visible><content>国家间，所谓体制、意识形态、价值观争端，不过是地缘利益的表象。法美英既能支持老蒋南韩等独裁寡头那几十年，也能支持沙特巴林等君主独裁这几十年，既能压制MZ俄国这十几年，也能忽悠MZ印度那几十年，说明意识形态并非问题，地缘利益才是核心。所以别乐了，咱太大了，想去当小弟，人家也不收呐！</content><rtrootuid>1893642262</rtrootuid><rtrootid>cAaOEl</rtrootid><rtrootidnum>7802577981</rtrootidnum><rootmlevel>0</rootmlevel><rtrootnick>道生阳明山</rtrootnick><rtrootvip>0</rtrootvip><rtreason>大叔我实在很佩服您呀，今天上午您发的几条微博都很深刻幽默！ 我收藏这条了！</rtreason><time>1300682253</time><source>微博 weibo.com</source></mblog>
<mblog><uid>1195224593</uid><favid>3501954303</favid><mblogid>5E8cp1</mblogid><mblogidnum>3501954303</mblogidnum><mblogtype>0</mblogtype><mlevel>0</mlevel><feedid>5E8cp1</feedid><nick>马艳丽</nick><portrait>http://tp2.sinaimg.cn/1195224593/50/5614100014/0</portrait><vip>1</vip><vipsubtype>0</vipsubtype><member_type>13</member_type><remark></remark><level>2</level><rtnum>26</rtnum><commentnum>22</commentnum><attitudenum>0</attitudenum><attitudeid>0</attitudeid><attitudes_status>0</attitudes_status><attitudes_count>0</attitudes_count><mblogtypename></mblogtypename><visible><type>0</type><list_id>0</list_id></visible><content>主持人问：都说酒业领域是一个男人的战场，您当时怎么会选择这个领域？回答：销售产品的时代是男性的时代，从卖产品的角度来看，那是刚性的，是体现一种供给的关系；而经营品牌的时代是女性的时代，从买需求的角度来看，惟有女性的柔性和细腻的情感才能感受到消费者的心理，更好的掌握消费者的需求。</content><rtrootuid>1712826100</rtrootuid><rtrootid>5E5QaX</rtrootid><rtrootidnum>3501392207</rtrootidnum><rootmlevel>0</rootmlevel><rtrootnick>严旭青啤</rtrootnick><rtrootvip>1</rtrootvip><rtreason>maryma就是清一色娘子军[鼓掌]</rtreason><time>1289136608</time><source>iPhone客户端</source></mblog>
<mblog><uid>1195224593</uid><favid>3436952795</favid><mblogid>5xtaJR</mblogid><mblogidnum>3436952795</mblogidnum><mblogtype>0</mblogtype><mlevel>0</mlevel><feedid>5xtaJR</feedid><nick>马艳丽</nick><portrait>http://tp2.sinaimg.cn/1195224593/50/5614100014/0</portrait><vip>1</vip><vipsubtype>0</vipsubtype><member_type>13</member_type><remark></remark><level>2</level><rtnum>11</rtnum><commentnum>25</commentnum><attitudenum>0</attitudenum><attitudeid>0</attitudeid><attitudes_status>0</attitudes_status><attitudes_count>0</attitudes_count><mblogtypename></mblogtypename><visible><type>0</type><list_id>0</list_id></visible><content>婚礼在北海美丽的北海公园举行…好美好浪漫的地方… </content><pic>http://ss12.sinaimg.cn/wap240/473dae11494344debfc5b</pic><time>1288852274</time><source>彩信</source></mblog></rss>
