<?xml version="1.0" encoding="UTF-8" ?>
<!DOCTYPE mapper PUBLIC "-//mybatis.org//DTD Mapper 3.0//EN" "http://mybatis.org/dtd/mybatis-3-mapper.dtd" >
<mapper namespace="net.jeeshop.client.ArticleCatalogMapper" >
  <resultMap id="BaseResultMap" type="net.jeeshop.model.ArticleCatalog" >
    <id column="id" property="id" jdbcType="INTEGER" />
    <result column="name" property="name" jdbcType="VARCHAR" />
    <result column="pid" property="pid" jdbcType="INTEGER" />
    <result column="order" property="order" jdbcType="INTEGER" />
    <result column="type" property="type" jdbcType="VARCHAR" />
    <result column="code" property="code" jdbcType="VARCHAR" />
  </resultMap>
  <sql id="Example_Where_Clause" >
    <where >
      <foreach collection="oredCriteria" item="criteria" separator="or" >
        <if test="criteria.valid" >
          <trim prefix="(" suffix=")" prefixOverrides="and" >
            <foreach collection="criteria.criteria" item="criterion" >
              <choose >
                <when test="criterion.noValue" >
                  and ${criterion.condition}
                </when>
                <when test="criterion.singleValue" >
                  and ${criterion.condition} #{criterion.value}
                </when>
                <when test="criterion.betweenValue" >
                  and ${criterion.condition} #{criterion.value} and #{criterion.secondValue}
                </when>
                <when test="criterion.listValue" >
                  and ${criterion.condition}
                  <foreach collection="criterion.value" item="listItem" open="(" close=")" separator="," >
                    #{listItem}
                  </foreach>
                </when>
              </choose>
            </foreach>
          </trim>
        </if>
      </foreach>
    </where>
  </sql>
  <sql id="Update_By_Example_Where_Clause" >
    <where >
      <foreach collection="example.oredCriteria" item="criteria" separator="or" >
        <if test="criteria.valid" >
          <trim prefix="(" suffix=")" prefixOverrides="and" >
            <foreach collection="criteria.criteria" item="criterion" >
              <choose >
                <when test="criterion.noValue" >
                  and ${criterion.condition}
                </when>
                <when test="criterion.singleValue" >
                  and ${criterion.condition} #{criterion.value}
                </when>
                <when test="criterion.betweenValue" >
                  and ${criterion.condition} #{criterion.value} and #{criterion.secondValue}
                </when>
                <when test="criterion.listValue" >
                  and ${criterion.condition}
                  <foreach collection="criterion.value" item="listItem" open="(" close=")" separator="," >
                    #{listItem}
                  </foreach>
                </when>
              </choose>
            </foreach>
          </trim>
        </if>
      </foreach>
    </where>
  </sql>
  <sql id="Base_Column_List" >
    id, name, pid, order, type, code
  </sql>
  <select id="selectByExample" resultMap="BaseResultMap" parameterType="net.jeeshop.model.ArticleCatalogExample" >
    select
    <if test="distinct" >
      distinct
    </if>
    <include refid="Base_Column_List" />
    from t_article_catalog
    <if test="_parameter != null" >
      <include refid="Example_Where_Clause" />
    </if>
    <if test="orderByClause != null" >
      order by ${orderByClause}
    </if>
  </select>
  <select id="selectByPrimaryKey" resultMap="BaseResultMap" parameterType="java.lang.Integer" >
    select 
    <include refid="Base_Column_List" />
    from t_article_catalog
    where id = #{id,jdbcType=INTEGER}
  </select>
  <delete id="deleteByPrimaryKey" parameterType="java.lang.Integer" >
    delete from t_article_catalog
    where id = #{id,jdbcType=INTEGER}
  </delete>
  <insert id="insert" parameterType="net.jeeshop.model.ArticleCatalog" >
    insert into t_article_catalog (id, name, pid, 
      order, type, code)
    values (#{id,jdbcType=INTEGER}, #{name,jdbcType=VARCHAR}, #{pid,jdbcType=INTEGER}, 
      #{order,jdbcType=INTEGER}, #{type,jdbcType=VARCHAR}, #{code,jdbcType=VARCHAR})
  </insert>
  <insert id="insertSelective" parameterType="net.jeeshop.model.ArticleCatalog" >
    insert into t_article_catalog
    <trim prefix="(" suffix=")" suffixOverrides="," >
      <if test="id != null" >
        id,
      </if>
      <if test="name != null" >
        name,
      </if>
      <if test="pid != null" >
        pid,
      </if>
      <if test="order != null" >
        order,
      </if>
      <if test="type != null" >
        type,
      </if>
      <if test="code != null" >
        code,
      </if>
    </trim>
    <trim prefix="values (" suffix=")" suffixOverrides="," >
      <if test="id != null" >
        #{id,jdbcType=INTEGER},
      </if>
      <if test="name != null" >
        #{name,jdbcType=VARCHAR},
      </if>
      <if test="pid != null" >
        #{pid,jdbcType=INTEGER},
      </if>
      <if test="order != null" >
        #{order,jdbcType=INTEGER},
      </if>
      <if test="type != null" >
        #{type,jdbcType=VARCHAR},
      </if>
      <if test="code != null" >
        #{code,jdbcType=VARCHAR},
      </if>
    </trim>
  </insert>
  <select id="countByExample" parameterType="net.jeeshop.model.ArticleCatalogExample" resultType="java.lang.Integer" >
    select count(*) from t_article_catalog
    <if test="_parameter != null" >
      <include refid="Example_Where_Clause" />
    </if>
  </select>
  <update id="updateByPrimaryKey" parameterType="net.jeeshop.model.ArticleCatalog" >
    update t_article_catalog
    set name = #{name,jdbcType=VARCHAR},
      pid = #{pid,jdbcType=INTEGER},
      order = #{order,jdbcType=INTEGER},
      type = #{type,jdbcType=VARCHAR},
      code = #{code,jdbcType=VARCHAR}
    where id = #{id,jdbcType=INTEGER}
  </update>
</mapper>